Loss_Entrenamiento,Loss_Predicci√≥n
0.5893664903163786,0.6277245633832844
0.5112788627686193,0.5457742489578407
0.42053363306764113,0.44874883940257904
0.33955106094904597,0.35757434193407506
0.30536037228402313,0.31084276194505694
0.2901799470006122,0.2907116585210544
0.2615796760743684,0.26275734981689797
0.2309996478783331,0.2326279696744806
0.19810418872901575,0.199213692162064
0.16220599033504052,0.1616487988971895
0.1241925506863472,0.12097193328964465
0.09085066518776759,0.08435512962915606
0.06600236289846148,0.056260172504941294
0.05083291447994641,0.03891493192544009
0.041680822654177614,0.02903001834182235
0.03508669066936359,0.023129950780742425
0.029842110656052984,0.01961566784728614
0.026123774688215067,0.018177491054675712
0.023102711713552212,0.016500287150448708
0.02064757332123563,0.01466474899980859
0.01846683704719517,0.01297076845091159
0.01665147335788381,0.011590440119985047
0.01492370018364808,0.010483896080393768
0.01325019102718884,0.009766954419915602
0.012057658906177004,0.009122226832765675
0.010915578213340056,0.008258682692206405
0.009973412868745056,0.007686068734844517
0.009294286718756602,0.0072381884253942975
0.00876022533064769,0.006920578032876305
0.008295659103957687,0.006786885352623223
0.007858335000014567,0.006544793485557127
0.0075397698746527625,0.006370220841900389
0.007324931358167504,0.006181650008508275
0.007105865072825267,0.005978402302659212
0.006871221580386909,0.005899243185578807
0.006780723742794349,0.005894456096293297
0.006646929543716324,0.00576899859517826
0.006532072632305726,0.005629469757697539
0.0063299767217289485,0.005527856131034992
0.006248547291188259,0.005468612400092743
0.006187187459470079,0.005421998235427743
0.006032788404659349,0.005291779858523134
0.005973976357849374,0.0052427280849438925
0.005887125920661973,0.0051331493299197305
0.005797654458867695,0.005096042069704981
0.005686279982216168,0.005044896585626802
0.005613008599042857,0.004960720412416956
0.005534418419393285,0.004886899029797276
0.005448703310399614,0.004850511864530701
0.005369737396815124,0.0047505624541456975
0.0052869699176929085,0.00469343629313074
0.005242580919098377,0.0046282635455984385
0.005152587201498396,0.004559100277541626
0.005045407560568936,0.004448166252507667
0.004937670978427963,0.004442017697601091
0.004845772622724976,0.004364402605268292
0.004940839133692161,0.004287763868899325
0.004855718792749276,0.004455656119481011
0.004607352132126329,0.0041720147696481195
0.004560202101150009,0.004092256668457798
0.004512458193798364,0.004056033438878233
0.004384178865014543,0.003968925586980897
0.004311981682455588,0.003915427171253251
0.004230888866276912,0.0038783829792966166
0.0041623954197091955,0.003780512179535737
0.004084217075935853,0.003757804850518104
0.004027510436317365,0.003662509402004037
0.0039291885196425,0.0035535115338469394
0.003881602908297877,0.003543827038869235
0.0038057545188231005,0.003495693635210554
0.003730986209693623,0.003431609576338137
0.003681536209111123,0.0033715939987800704
0.0035820379214188346,0.003342340284968747
0.0035215606681444638,0.0032559296631242693
0.00351176543421525,0.003191244620654107
0.003460099453190102,0.003175933030662577
0.0034493019750856655,0.0035275344857778374
0.003291794066705832,0.003034477764220675
0.0032401644581890538,0.0029862109187391486
0.0031811268377696083,0.002934950379175403
0.003134216873545703,0.0029019250784153294
0.0030737423609077884,0.0028611702449462956
0.003035624022993075,0.0028081426005662556
0.002973703906787819,0.0027497038970137333
0.002931325534559815,0.0027211631946242377
0.0028777144930430994,0.002682341031137221
0.002835767405791262,0.002625986841219749
0.002911191456149346,0.0025933168385806186
0.002823043508263116,0.0025931293380981437
0.002718002484921925,0.002529609275425338
0.0027372640584184867,0.002562649169464464
0.002591283508267435,0.0024641580756515
0.0026909934059994095,0.0024118011746386636
0.002588925107087434,0.0024977507674322484
0.002545421490878943,0.0024745943516694562
0.0025066731253121865,0.0023613516677768085
0.0024841181865947965,0.0023169023330397343
0.002451747783401193,0.002280907375830703
0.0024588066668951693,0.00225033299652975
0.0023725623132578003,0.0022386462392612605
0.0023812368087806454,0.0021948816984065306
0.002304447542832643,0.0021882404376246047
0.0022898466585621383,0.00215014280945657
0.0022668277096653546,0.002128689655115013
0.0023053488157027003,0.0022642432946307772
0.002257408769084846,0.0021094676932803843
0.0022133739831734084,0.0020729454958297215
0.0021714994413475452,0.002061335706643794
0.0021429840168002987,0.002057849142477329
0.002167323153456531,0.002014843629739516
0.0021323698919749733,0.001992673762483218
0.002066123203515284,0.002072731721217925
0.0020597678194887604,0.0019700425452661803
0.0020895571118504544,0.0020703562916642034
0.002040330131645128,0.0019328723726314738
0.0020279596717197017,0.001896633846274371
0.002008002710576253,0.0019292858566931621
0.0021602497579508895,0.0018851341756961238
0.0020033061500860996,0.001916807209148137
0.002027841288011342,0.0019217709693611917
0.0019814736926327785,0.0018794796662885615
0.001876315900508185,0.001851502223922861
0.001907682917704713,0.0018045062582679003
0.0020412868791750004,0.0018209844148017195
0.0018652972781895217,0.001796519999682235
0.0018661172324512568,0.00176208456174731
0.0018519100081921052,0.0017855877307818267
0.0018480562464637748,0.001810812072858159
0.0018122550982597894,0.0018722151359000978
0.0018208883841933554,0.0017291840071470123
0.001812726359089955,0.0030330490912661573
0.001808183311128684,0.00177051450892005
0.0017722651287734408,0.0017356286448789204
0.0019431069579190787,0.001712150048591211
0.0017574905145985942,0.0017308730372862422
0.001785046229881859,0.001702612474458313
0.0017386381466868955,0.0016978865676216986
0.0017358088167629417,0.0017166473597437489
0.0016997477283543284,0.0016971471647737506
0.0016893549086020151,0.0016785890826402385
0.0017366021432897514,0.0016977733977488895
0.0016922976853167096,0.0016464002845141556
0.0016841563779452786,0.0016144741654364558
0.0016604875670668618,0.0016326477909278303
0.001658084238831159,0.0016337319572111088
0.0016593232404284752,0.0022535898917672038
0.0017414941318227998,0.0015828558366328099
0.0016421294216161708,0.0016240008286776122
0.0016602282479080215,0.00159871550186435
0.0016347229213363908,0.0017482725996612266
0.0016071668417494418,0.0017517190383754175
0.0016055361551954358,0.001812101170509197
0.001863787580430972,0.0015826988821516588
0.0016337912096269355,0.0016314851223352092
0.0016231899327177695,0.001572582208858354
0.001596557049352917,0.0016734776071886874
0.0016171668025249815,0.0016076952790746702
0.0016717944095119462,0.001568419258701091
0.0017463332781426388,0.0015525997305028084
0.001551290312047408,0.0015692250576940041
0.0018212828518909747,0.001537786701603614
0.0015563647542142308,0.0015593565938268603
0.001527193794862837,0.0015336929482602907
0.001520995960121809,0.0015300334103110342
0.001554205035114345,0.0015247609311443392
0.001539661614745899,0.0015719442632044884
0.001517954517955523,0.0014909050418808662
0.0015541950249536207,0.0014386895582648924
0.0015130231182039942,0.0015570524113636998
0.001534172189347406,0.0014905964667895402
0.0015028342076917427,0.0014938106844041745
0.0015475441641286784,0.0015070450178935732
0.001517081388260299,0.0014979630164830469
0.001538897929690596,0.0014881469974125068
0.001484078692940354,0.0015007291611396378
0.0014931349962449994,0.0014488287321442928
0.0016994215755864498,0.0014794569541139793
0.001485264264099059,0.0015180495653988682
0.0014891198076761555,0.0015150882119089322
0.0014600284966780838,0.0014659698615990524
0.001461976556305289,0.0014941654334155003
0.0014646073833518387,0.0014273527003695536
0.0014387731661621133,0.0017041908677064056
0.00146536239653665,0.00147647325603644
0.001446858367567165,0.0014497645990076966
0.0014706395838820774,0.0015200453587951445
0.0014459355055374517,0.001457115637243623
0.001422661761828323,0.001446139725204586
0.0014468541999525242,0.0014169032444203422
0.0014152653726800036,0.00145667146156639
0.001415143846439885,0.0014530957772811216
0.0014181870056484275,0.0014251367052677054
0.00144405297042612,0.0017020887653523165
0.0014319432042329387,0.0014330490882925862
0.001448050643344834,0.0014252909127467279
0.0014190706677940355,0.002153585833780435
0.0013939032503421656,0.0014358910532798765
0.0013960514135762875,0.001382033632962434
0.0013917058746411718,0.0014056523903720934
0.0013792756473671357,0.00141119419528896
0.0014596870537235515,0.001328030404640913
0.0013764527311640132,0.0013978558544570328
0.0014267772614575452,0.0013520823818302461
0.0014589250346317142,0.001420912913481253
0.0013831465006646948,0.0013900183233664805
0.0014841634874705651,0.0013851123257930264
0.001399888482590245,0.001416676379107591
0.0013977117794306657,0.0013749757055813744
0.0013637929700783561,0.0013639203004921848
0.0013747342230068047,0.0013917655035485669
0.0013679800864980177,0.0013764424465574445
0.0013639396945886683,0.0013879649940692228
0.0013489673104102621,0.0013652110212385988
0.0013595952276522973,0.0013544622090783582
0.0013326558367599804,0.0014446369504504115
0.0013525426774526192,0.0014952409092139143
0.0013604570769604407,0.001370154479152954
0.0016505886334475244,0.0013501753143789718
0.0013752553214271426,0.0014210234021537504
0.0014146243810119598,0.001396225616436525
0.0013689171844645882,0.0014027837908287624
0.0013477518030221567,0.0013823545864744898
0.0013571466221377244,0.0013438469084814239
0.0013399310682047718,0.0013793043958805248
0.0013366489824916663,0.0013612983555630735
0.0013334532962782281,0.0013466666045079778
0.0015084791285608055,0.0013596833178503433
0.001331039700946491,0.001407541397642573
0.0014036182598153124,0.0013550472909514765
0.0013440422382717293,0.0019362466740237402
0.0013458257639564239,0.0013616830628369243
0.0013265931197385397,0.001338821970342039
0.0013082360873543785,0.0020632425387018274
0.0014593054111963963,0.0013480086344238474
0.0014578951697287988,0.0013574584748295216
0.0013062663566109456,0.0013398337592093732
0.0013105752932551756,0.0012710127108750229
0.0014453546268129672,0.0013465826670584562
0.0013224331175516121,0.0013602834072447385
0.0013359747772454795,0.001345685848081894
0.0013189073393032743,0.001644021713569282
0.0014898324238854395,0.0013851154873550145
0.0012988152010193035,0.0013786953097205414
0.0013098607386264193,0.001320875871460003
0.00130731733048197,0.0013326177050033987
0.0013025312205046313,0.0013188717979080858
0.0013769489748469291,0.001283480980745574
0.0013080859995033996,0.0013511361993335748
0.001312391524470509,0.0013240399270091218
0.0013086608954297513,0.0012971762798805815
0.0013215539648674464,0.0013127484261407992
0.0014160290990202847,0.0013252807510906182
0.0013624484882419445,0.0013075570538940043
0.0013490682171823196,0.0013124496127361852
0.0012997493711086991,0.001336270513021786
0.0012903394710615415,0.0012836465805828622
0.0012921400756018245,0.0013164913854432482
0.001527700096352551,0.0013021248852412364
0.0012948203475826212,0.0013311617604374916
0.001369060275806309,0.0013561975505072886
0.001301968205387413,0.0013045550413940353
0.0012910909343440947,0.0013130275984106908
0.0013212393504476163,0.001306739176650906
0.0012835006429970212,0.001323526287458951
0.0012873174470811734,0.001306941201786837
0.0012800937643800902,0.0013205828038838885
0.0012796387794330294,0.0013256383997306352
0.0012837977499154168,0.0015946138706568397
0.0012790904661237877,0.0013239208539372472
0.0015785128834606538,0.001305273600562346
0.0012965701790635352,0.0013695651452287454
0.001321697924610161,0.0013159897192372315
0.0012737957419141814,0.0013092598101831262
0.001452351453872999,0.0013273192181075014
0.0012607098056489044,0.0013507161111917514
0.0012704267756057054,0.0013028836767648689
0.0012749057245606244,0.001290004048530636
0.0012697130152332294,0.001306538051925232
0.0012596549944089912,0.001288403884126795
0.0012584120897502053,0.0012932681967426475
0.0012642560802008378,0.0012838941864478435
0.0012600052829756711,0.0012918233434924572
0.0012567118323297045,0.00129235143630638
0.0012587429478431362,0.001301449650899817
0.0012514212189930546,0.0012895161028916456
0.0012495778736037013,0.0012781258258038304
0.0012540941165598443,0.001283572249744776
0.0012502299950148802,0.0012881894185684556
0.0012424904061847793,0.0012865922008967582
0.0012615880735839169,0.0012898154027580718
0.0012467757256303367,0.0012746173344069236
0.0012448615448745859,0.0012884485389564049
0.0012529609389191154,0.0012840367976319318
0.0012389593345970334,0.0012791457353568162
0.001243221993616333,0.0012878311934623257
0.0012448765536613132,0.001277692565786691
0.0012445681897451163,0.00127874268655487
0.001236556876608917,0.0012395066971211842
0.0012425720901519557,0.0012670284800599303
0.0012395259741137892,0.0014279105290327895
0.0012475761868787198,0.0013244820080506828
0.0013697072539406443,0.0012766898165119825
0.0012258399507569734,0.001276554635350416
0.0012400758711329128,0.0012551820262518335
0.0012198513593975337,0.0013622335064647948
0.0012483363712158827,0.0016258320673539258
0.0012441320337480749,0.0012866741336424027
0.0012469750693781254,0.001392345716690686
0.0013297363970497054,0.001275190197410926
0.0012462557235180633,0.001302971377840407
0.0012860611179298213,0.001293579010477471
0.0012844628354527143,0.0013396752795883703
0.0012765307267126886,0.0012894751445256495
0.0012630284686532614,0.0012969503743401065
0.0012285401921751462,0.001654266201497693
0.0012222232789185878,0.001272298774719902
0.0012578204333567112,0.0012896555253502718
0.0012274103562975355,0.0012586202672263756
0.0012243258842444603,0.0012716961899353124
0.0012229155717001323,0.0012274235098246535
0.0012560604149968384,0.0012462219422546348
0.0012607204811115127,0.001281011903113451
0.001209983325237158,0.001238035955594121
0.0012216281598937545,0.0012505408242591098
0.0012191310255583526,0.0012531812629308708
0.0012049362245295779,0.001223453926987507
0.0012166383583118218,0.0012588923406279542
0.0012155756838220443,0.0012392016859314938
0.001218344383952682,0.001247555332010057
0.0012240654146754744,0.0012577336734840335
0.0014282993878774455,0.001251383301515081
0.001265455985015164,0.001323833419540007
0.00134719670048945,0.001343825292698245
0.00133572783778704,0.0013828847001847203
0.001516024700383979,0.0013043065651229945
0.001215868580553837,0.0012411061004796871
0.0012746130018909969,0.0013250711670405228
0.001302601686454558,0.0012853476269406856
0.0012509722238089522,0.0012987453641993226
0.001217761739135305,0.0012287951305119595
0.0012091335215670793,0.001224608063378601
0.001215382947291124,0.00126007684314976
0.0014245979907616668,0.001234199303526357
0.001231291741567153,0.0013493102323925493
0.0012364992209919045,0.001247397062521486
0.0012145350960119947,0.001265527867204539
0.001197758414557786,0.0012320457018973193
0.0012032097592042479,0.001238453611830222
0.0011950676185198152,0.001235652307982302
0.001264307213124029,0.0012248559314204685
0.0012013568362466273,0.001259977549895743
0.0011991786298113114,0.0015917233963583185
0.0011917417334037386,0.0012370647874674937
0.0011908124346856077,0.0012301451790575199
0.0011928206458662431,0.001228464356091944
0.0011859951549248013,0.0012244943721265661
0.0011855544566075258,0.001226968345683669
0.001182234519668432,0.0012209703645263666
0.0011933380301001608,0.0012275225470598328
0.001185717085776719,0.001226573128487203
0.0011806218197330902,0.0012257419459244829
0.0011815804718208248,0.0012338366015458417
0.001185687792997069,0.001209644939715382
0.001184238394704255,0.0012281066039249785
0.0011763879952285347,0.001214843275663326
0.001172627670404491,0.0012118193646747917
0.001172910874630525,0.0012163196490330268
0.0012992941599397482,0.0012267290709706835
0.0011634613367856271,0.0012550250523785818
0.001185045085948991,0.0012078144878158615
0.0011761479644287177,0.0012229905601840506
0.00122541770456714,0.001191594206415577
0.0011947238335140572,0.0012361013080181096
0.0013713748265014394,0.001261993497186333
0.0013621908258301407,0.0014252616681374466
0.0015534507318276164,0.0015084741278641393
0.0013992359712068482,0.00141436275610505
0.0013121849694327189,0.0013002647925715843
0.001228444486073844,0.0012514060878181675
0.0012013720137283865,0.0012749626782972802
0.0012242888677694173,0.0012431976258369475
0.0015455324030066919,0.0012414087883492262
0.0011619875483627692,0.0011995701619101548
0.0011844044780145251,0.0011787026831679068
0.0011855663699072473,0.001212615047824628
0.0012019479981214213,0.001189346456384832
0.0011632982002292632,0.0012229142770185525
0.0011528164565693772,0.0011874520399160402
0.0011418611121440474,0.0011825580452072691
0.0011397515365923153,0.0011887594800997759
0.0011449242693525358,0.001178300685219763
0.0011417826959997728,0.001188696785036205
0.0011418269906443737,0.0011778762840345708
0.0011355372101126344,0.001193277250094417
0.0011191282232285637,0.0011664665432933735
0.001125003700296488,0.0011698820987004102
0.001130062531815022,0.0011729473458807402
0.0011298927834492618,0.0011660795638630483
0.0011271501382233509,0.001174216179901932
0.0011194326337000049,0.0011700677053504134
0.0011387109150228292,0.0011668280517212943
0.0011172999328070332,0.0011723481877425066
0.0011766953682748275,0.0011722526536680445
0.0011646470954590564,0.0012218201058442934
0.0012534237169497203,0.0012645401835042836
0.0012134541437691907,0.0013048709866243296
0.0013996166097490137,0.0013814230429278862
0.001268744397273442,0.0013073913194278782
0.0011636116597377733,0.001470334690186328
0.001258413545849346,0.0011487126479716976
0.0011884071039675492,0.0012449902306132141
0.001281934019635828,0.0012851018092220176
0.0012336026742751844,0.001269362630393533
0.0012366486785486304,0.0012355820336723234
0.0011422497219791788,0.0012364720402779426
0.0011074519712446311,0.001147674771291199
0.0011757241895924574,0.0011987248115025437
0.001179947979724502,0.001229155624581788
0.0012129431215134896,0.0012219899310401707
0.0011979328310791426,0.0011697413062400767
0.0011083097777507462,0.0011357153779983703
0.001093014149659669,0.0011455781962558878
0.0011000575810055234,0.0011506072844544126
0.0011244681025527877,0.0011458353666841893
0.0011140653517871333,0.0011613165290106917
0.0011964720756602169,0.0015029470159650061
0.0011133776422776378,0.0011584230877702193
0.0011388707221066617,0.0011757670320032322
0.0011662830669607277,0.0011778534000539817
0.0011255731649894387,0.0011453859417511782
0.0010808003812671067,0.001125987868001876
0.001070045577055872,0.0011076617045335953
0.0010671843326786209,0.0011104881477264703
0.0010530096693414505,0.0011032528997896595
0.0010465173175576007,0.001087164658420966
0.0010447691550133555,0.0011005287790739797
0.001052102996793487,0.0010530534631851445
0.0010320774091083643,0.0010842775153932502
0.001046357846151407,0.0010711228760103201
0.0010441685282919987,0.0010885068562417164
0.0010546791010506197,0.0010978700102524269
0.001074422447388348,0.0011416829472985779
0.0013163705984176695,0.0012815355310258902
0.001426521849836721,0.001474031218072325
0.002293778205577205,0.002142428721895499
0.0015214625416815123,0.0014691082438859058
0.0011095985863998129,0.0014844829058280956
0.001110019263046179,0.0012272906143125522
0.0012899648691009655,0.0013221733300764948
0.0015065674225855532,0.0014700944158742451
0.0011706270832493744,0.0012188691123825408
0.0010478651151185864,0.0010756003142740847
0.0010908080982177221,0.0011230569845432068
0.0011078066350389299,0.0011406905343789976
0.0010554799296103457,0.0010798244612493701
0.0011113821420474968,0.0010590665728398968
0.001019673430861514,0.0010798624096300363
0.0010469429263357476,0.001084914407417707
0.0010145342268871361,0.0010544237327485633
0.0009976127325749377,0.0010329205542422514
0.0009934218061813267,0.0010252662457561426
0.0009968346731830822,0.0010152280030791265
0.001009973851651435,0.00104100879270567
0.0010063260758650305,0.001063867308810163
0.0010183051218488866,0.0010457832146760933
0.0010231910238919562,0.0010666149704315032
0.0010865630850592283,0.0011028417038355016
0.0011055891663954561,0.001188999063009381
0.0013308050638605403,0.0013064138290808367
0.0012304992356851113,0.0012588728981863418
0.0013501782719031077,0.0013221927031976859
0.001065241174039379,0.0010887999093619322
0.0009655965269570267,0.0009956983032657857
0.0009617973529003347,0.0009850375691518793
0.0009979394094525983,0.0010147910633007413
0.0010772665407513297,0.002244601789892236
0.0010878167945845112,0.0011143335452625793
0.0012045035979930505,0.0012005858694750045
0.001096996541860132,0.0011546975872302513
0.0009964233251305475,0.0010141025867616464
0.0009471752587331802,0.0009970730491163354
0.0009385329635214004,0.0009771926020040794
0.0009420514643710157,0.0010295353191886267
0.0009784359317094784,0.0010479237582878317
0.0010175194916043915,0.001034522656015645
0.001286004495181586,0.0012695381560941718
0.0012467721546895111,0.0012742964452909739
0.0016572339057467041,0.0015740780236967779
0.0011214580998819502,0.0011762931372500875
0.0009414382608850872,0.0009935841525173632
0.0009148077698358068,0.0009651897446749174
0.0010539116651156171,0.0010835698154370058
0.001490402096995157,0.0014449504279301815
0.0012395816625602298,0.0012139001242897538
0.00111425156121621,0.0011272253069983054
0.0009225809260389335,0.0009707823147556896
0.0010602481620664,0.0010813475685406853
0.0013860294468471895,0.0014052352211066813
0.0011527572588547173,0.0011047738470285086
0.0015965134042237171,0.0010312806980880605
0.0015401935543389875,0.0016327610250325118
0.0032627588971257514,0.0028060237966371746
0.0013256180526747192,0.0012932750371920372
0.001863966192681896,0.0019635795026675625
0.0010748182248652195,0.0010587141401535727
0.001314934465000299,0.0012957125958503518
0.0010086796974368487,0.0010461939442212517
0.001161065554283873,0.0011712370017384166
0.0009505620466888682,0.000992018029652602
0.0009860255727373016,0.0010723475970123094
0.0009108972535134045,0.0009611610582256547
0.000907304028530247,0.0009651897000693423
0.0009033096100540145,0.0009483575631382993
0.0008545702116014951,0.000927591947426915
0.0008379858605484503,0.0008804614718633379
0.0008327870589565071,0.000842371607614536
0.0008302489683020735,0.0008519078195562935
0.0008416402726126269,0.0008736115860269866
0.0008684037220931077,0.0009053599518622349
0.0014901829531020724,0.001100816951738695
0.0015277945599468335,0.0010915297274990891
0.0016238377743745024,0.001602136721626853
0.0011707652445812416,0.0011586840986711352
0.0010138403927249494,0.001034566817457281
0.0008080611279282391,0.002972436778709385
0.0007736650032364254,0.0008162063976207307
0.0008042194479072684,0.0008567749916392488
0.0008564018315370969,0.0008673713360517788
0.0013115155837740771,0.001027331379874798
0.0009071772210414477,0.000906313484011302
0.0009590331012060375,0.000979312689326579
0.000996923329880786,0.0009760697447313994
0.0011790860471070064,0.001183347074264449
0.0013404398945168433,0.0011929369526928215
0.001297696508651166,0.0012985893249136758
0.0009088979032781372,0.0009056763656166502
0.0007305787123289648,0.0007857330809742721
0.0007240240820355371,0.0007635097668349106
0.0007680727482632962,0.000780869481403924
0.0008325105041927264,0.0009225345689907062
0.000835340943583211,0.0008254086988447114
0.0017567067846041102,0.0009176974796105666
0.0007073062491879027,0.0007336713184364305
0.0006713618350678117,0.0007271572223106268
0.0006895556692881039,0.0007357649323306551
0.0007360018669280209,0.0007515465768418821
0.0008969805359718375,0.0009140187552684882
0.0011927056689719135,0.0011275849546621244
0.002012532461443707,0.0019438053968756448
0.0014911679144408172,0.0013916883827156641
0.0011464063647301768,0.001139899037305042
0.0007174792824085846,0.0007446130008564137
0.0006688571382688099,0.0006899261131738093
0.000754841172920529,0.0007885469160541767
0.0008063016303769117,0.0007877739462338533
0.0008481452709519441,0.0008632594803412078
0.014498548246504973,0.0007580111139923594
0.0006614186718053377,0.0006836503750916206
0.0006984242089030584,0.0007354635400356577
0.0007737317065049026,0.0007812476211163027
0.0008867802566497124,0.000926991387555365
0.000942981720832817,0.0008903370866768423
0.0011578823191004805,0.0011768505414923827
0.001087646585817158,0.0009670653630968331
0.0008590825266352767,0.0008960311109513961
0.000686664822156432,0.0006822543008143489
0.0006059148143323016,0.0006450576663210475
0.000578776443035714,0.0006101563694090444
0.0005932782660481068,0.0006029203199778531
0.00060444992958686,0.002064319288892734
0.0006211989386777773,0.0006313170033552868
0.0007097198962842256,0.0007480052248260444
0.0008209794753751506,0.0007740500995665604
0.0011365474581288364,0.0011283444786002574
0.0012677841372393977,0.0011899858440232555
0.0015573065666949523,0.0014707675739645209
0.0009962043627227643,0.0009898236355681054
0.0006363245542616228,0.0006878832541522164
0.0007946205873536685,0.0005815248860662521
0.0006297742065658086,0.0006121062840106112
0.0007415707784070603,0.0007641360216111435
0.0007564622770260856,0.0007124677236626378
0.0008083129038121781,0.0008278893198155131
0.0007527069239965498,0.0007223452355469671
0.0007197961152208134,0.0007395019775281671
0.0006487871379603405,0.0006318844076164889
0.000598260933771408,0.0006303917370077465
0.0005596344403940508,0.0005534404089516623
0.0005541122786778103,0.0005738376348715322
0.0005272227440599732,0.0005286137731441416
0.0005201649436533699,0.0005495267012337935
0.0005139724810119356,0.0005113803415085231
0.0005148007953162359,0.0005430359788087826
0.0005225657224164644,0.0005224650339862325
0.000560704725459703,0.0006257975725394764
0.0006280674375418171,0.000636842168956139
0.0009069344079405248,0.0008974740865355377
0.0011636551150917094,0.0010952163790609155
0.0016873854729236048,0.0017101896542079972
0.001246700073992332,0.0011677473189717598
0.0007345063540714655,0.0007407132846059415
0.0005210311644159766,0.0005048658919706006
0.0005235155609347996,0.0004826937978915897
0.0006001470464486486,0.0006262807537038276
0.0007012760203271985,0.00762616818518458
0.0009306924740347221,0.0009357942733226145
0.0008881680154327795,0.0008395246383582195
0.0007771837353193175,0.0007768709724488421
0.0006005143567889478,0.0005811833592444883
0.0005753680549484832,0.0005345428882654369
0.00048361467119318295,0.0004730285377662761
0.00045587006612389145,0.0004582115425942803
0.00043276704903225566,0.0004471238030253278
0.00044606503456904196,0.00044963047636657793
0.00042944142039718627,0.00044436588812807684
0.0004288841396063101,0.0004331336316462847
0.0004367085845915703,0.0004524054942779676
0.002088674960077597,0.00044607633568048255
0.0008294265964011559,0.0008277112967170596
0.001373554856283445,0.0013116947474590976
0.0022950083062766202,0.0021420408786165693
0.001523581411708125,0.001493096525706845
0.0006587639019049762,0.0006523149463075099
0.00048287798918119615,0.00047715118801482445
0.0006816280144021708,0.0006572941032919129
0.0007221222971960558,0.0007137609660443613
0.0006276793839095964,0.0005560776360471805
0.0004711103203849966,0.000464490077911979
0.0004077353768111793,0.000404373933881977
0.0004055854089907501,0.00040366392202007245
0.0004131499882683463,0.00042443849295430684
0.0004308122482372437,0.0004853801378938383
0.00047826841700157575,0.0004919818973936313
0.0005208896210161535,0.008419566339412122
0.0006223801103258808,0.0006121905410011664
0.0006342224966504102,0.0006116422804862561
0.0005891085509167355,0.0005967036771457158
0.0005201016786317208,0.000495596938687232
0.0005230373758500293,0.0005302934100532976
0.0005007104290910975,0.00047902380790536026
0.0006668604050682908,0.00048488496683442447
0.00041762307953759943,0.000407314836249196
0.00044547651458696466,0.0004336874212542817
0.00040947829500520756,0.00038802070902889955
0.00043713853719218445,0.0004552193066741675
0.0005042587196034971,0.0004754258884289304
0.000598586913115447,0.0005884774074908298
0.000711437105217443,0.0006531375466269265
0.0007510472893821816,0.0007520351975668511
0.0007297435822691483,0.0006886172637775123
0.0005720615299998476,0.000557472198598642
0.00047185995357948527,0.00045257556526560655
0.00036095663755628815,0.00034847902868686745
0.0003635328697068969,0.005869325910378497
0.000382745441797255,0.0003527453596356933
0.0004334166268807734,0.00043375311176190723
0.0005288290771676831,0.0004821486838747752
0.000614652557249363,0.000631912113441156
0.0007367379844847702,0.0007154228584791302
0.0007076110786565748,0.0008624797071371714
0.0006534912023326382,0.0007654220740225757
0.0004822174546136427,0.00047060812493235967
0.0004028090433170506,0.00037373584930453
0.0003497379153823536,0.00035362349632590937
0.0003228649365115143,0.0003201437988142472
0.00033003095036990347,0.0003458121002832916
0.0003207505134048939,0.000328956280262345
0.0003252016022758566,0.00033734308724844993
0.00033762727839314904,0.0003243177262698385
0.00036815809357877797,0.0003867467888698116
0.0005111583849232161,0.0004407224315505257
0.000631013245797846,0.0006370431120269996
0.0008500376919025915,0.0008678628836440948
0.0009914990551478443,0.0009407272601127611
0.0009778664290619717,0.0010030036177598593
0.0005647012530579054,0.0005512394015853218
0.0003712261011941873,0.00035402823310143257
0.00037556822094178636,0.00033808667843779686
0.00046699823075359656,0.0004719554070276645
0.0006467595161064919,0.0006613247423380482
0.0005854487677082053,0.000599391356775999
0.000593996768396487,0.0005608284064682425
0.00047106259870193976,0.0004819333577161773
0.00043240746296654005,0.00037361531293721514
0.00035381765633445025,0.0003517532821949322
0.0007772992935946864,0.00030766371104943945
0.0005407312349068953,0.0005138274154815032
0.0007637818894910397,0.00075989098620498
0.0007340201673834756,0.0007484694483533322
0.0006549431610823854,0.0006668780906553351
0.0003683255916377203,0.0003727659766963633
0.00031184415664963936,0.00029128852067512835
0.0003535568092566047,0.00031890723727185017
0.0004351125696490356,0.00045099254568903085
0.0005880319146418939,0.000540520536280373
0.0006280552863614309,0.0006682778393136759
0.0006646504913795782,0.000662002660291685
0.0004928448044092969,0.00048643958990861335
0.0003666315937817465,0.00035229740245928845
0.0002968974783885244,0.00029605252079724815
0.00046450594562888074,0.000300114359327318
0.00029761023309983194,0.0003045975707036581
0.00030826283064728306,0.000299597849651215
0.00033388976362012246,0.0003628249560597433
0.00044822957866591496,0.00041015713527434335
0.0004888096604832785,0.0005197429905055081
0.0006120262771289603,0.0005966023102872136
0.0005388176069926711,0.0005353527370687127
0.0021460269910052033,0.0004815408649458313
0.0005771010385628038,0.0005715834788672299
0.0005889854519305452,0.0005760848407698968
0.0004092924851166061,0.00042031761161426436
0.0003376381189210638,0.0005146603537668999
0.00028478388118291026,0.0002942189030253171
0.00028487658426303237,0.00029038164683204413
0.00030079802895088495,0.00028476034765014425
0.0003051335858600266,0.00032132642252448185
0.0003350261309130208,0.00030686127137922954
0.0003276011957275699,0.0003501330850046894
0.00034761931440973714,0.0005175622507047833
0.0003674896988491507,0.0003868818295636606
0.0004316679701193153,0.0004337578569332658
0.000459221264691018,0.0004792777080972257
0.0005839870164675147,0.0005174611282296571
0.0004880699584630198,0.000515724610030456
0.0004820842599559927,0.0004621113057591039
0.00034324485976531166,0.0003609780732875049
0.000317519031116807,0.00030764691053634187
0.0003949133292525618,0.00027852112434088286
0.0030872117881227882,0.0002683947307183324
0.0003213388992353481,0.00037454170989986317
0.00045923530711073545,0.0003988977697928235
0.0005067879833323235,0.0005268240647891814
0.000635072356528799,0.0006069200595355545
0.0005588729611245143,0.0005715168276828383
0.0004987918198765339,0.0004800301399956259
0.000348376908118703,0.0003693649254813476
0.0003039033101078556,0.00029719114121587475
0.00026212839950576916,0.00027313057499943366
0.00034006283787477935,0.00026914248056644394
0.00030845401373470695,0.00026045331617030837
0.00026845438746240233,0.00026597724006914016
0.0005911410774407831,0.0002518002207703869
0.000251116803399653,0.00025636014250028806
0.0002563443974765023,0.00026297053893240425
0.0002660066100180041,0.0002526827493341074
0.00026886849296877416,0.00029134309810998715
0.00029751899689360963,0.00029456637128953304
0.00046554712274458155,0.0003625743653870223
0.00039649272361362423,0.00034933032199429333
0.00044409180515896915,0.00046328356114075744
0.0006341220309373357,0.0005503017136405132
0.0005318772100167709,0.0005461348680167662
0.000558484311168138,0.0005386047588197019
0.0004251307510294216,0.0004389146948035211
0.0003904889554261565,0.00035755412123699765
0.0003168704167508554,0.0003280554120652342
0.00027172084590298116,0.00027141331781108883
0.00025399684214348563,0.0002657281040826782
0.00025153608859922953,0.00025542199897372
0.0002817993261355046,0.00024754296484349206
0.0003241363565089293,0.00025712029285884466
0.00024069877117104265,0.00024785461515866195
0.0002385897805692772,0.00025380790330469313
0.0002827373898055696,0.0002509893528946273
0.0002736115855007972,0.0002508257253355017
0.00023918677319005122,0.0004917083197875711
0.0036704061509021885,0.000261390363402957
0.000314172771911805,0.0003283324626313267
0.0005313869039900551,0.0004967073830464605
0.0009216817530762869,0.0009184237662562911
0.001293073784130373,0.0012615585728647735
0.0013424237957356691,0.0008568007860025181
0.000372761914743049,0.00036501801330203064
0.0003564359376019504,0.0002919765380986777
0.0004202044434613313,0.0004450757947251264
0.0005476577082042408,0.000507142330273313
0.0004652557850950533,0.0004963742798861908
0.00040130557896217613,0.0003901070098791518
0.00030076258708816047,0.0003131895397443248
0.000258760777090077,0.000267827887470822
0.00024704271754607393,0.00025265235869728544
0.00028186806799359947,0.0002646960011195508
0.00025298089925188046,0.00025078144791987713
0.0002571947157891713,0.00027230820986703377
0.00026778247210054306,0.00025655711516643713
0.0002658356003325648,0.00029686571761284534
0.00027584150825916677,0.00027321536023851967
0.00029510215685511304,0.00032565907029021934
0.0003293075579266941,0.00033237680735455035
0.00037523587955054705,0.0003815117511028745
0.0004223039841805767,0.0004377961481383099
0.0004140420763245911,0.00043517428455893856
0.00044473653282020033,0.00042880909040556795
0.0004027307211184403,0.0004164452486948694
0.000419583236540571,0.00037460367102592107
0.0003219730440411131,0.0003464932882459739
0.00028543808161651563,0.00028424444803578844
0.000305084305424137,0.00029322749078352045
0.00025534128983194004,0.0002596079304446407
0.0002521258270271981,0.00028839676884623023
0.0002548712881112905,0.0002586802104254022
0.00025521684051956595,0.00027873775706763334
0.0002554875382608892,0.0002832789713637622
0.0003165540754888997,0.0002829049174818986
0.00027314599276724333,0.00026460353588865146
0.00025920253347659004,0.00028557856126996956
0.0002670808085346802,0.0002673915313144829
0.0002700008584648267,0.0002987756219176061
0.00029047038170617055,0.0002913776460792656
0.00032211189756877856,0.00033100153248739336
0.00036874745327146664,0.00038288844136640573
0.00040946287046687466,0.0004441240701530607
0.0005194889508896544,0.0004966886617256823
0.0005066273730936786,0.0005306065906324414
0.0005702139487127615,0.0005604116892846029
0.0004358709744024651,0.0004483948428649934
0.00036153747974363836,0.0003399318656100932
0.0002707765052773378,0.00027624815214245373
0.00023763673202340367,0.0002534222883976909
0.0002239450912639704,0.0003669826614406376
0.00023211633285162247,0.00024559458000908993
0.0002343846498213752,0.00023564601630058645
0.00027978419630838496,0.00025872777361971255
0.00025528488826168517,0.0002589186395876893
0.00026481713438879104,0.0002917721008404332
0.00029958461818555416,0.0002896519848279526
0.00031333269272178254,0.00033827065240177296
0.00035617934059380325,0.0003453759863432771
0.00037769189106392424,0.0004115094613655958
0.0004527683716415161,0.00043558966637107627
0.0004112829113761466,0.00043351161638869305
0.00043875927633928353,0.0004330732323033606
0.0003711426779655468,0.0003914105746085288
0.0003452882991244419,0.00033278558786968733
0.0003695611922951655,0.00033099491800009915
0.00032222333646013304,0.00027314381844674007
0.0002156304758217371,0.00024936205405613494
0.00024746359359774383,0.00024490403297550893
0.0002717711378818061,0.0002602506942852288
0.000265302826149481,0.0002795523225644054
0.00030349644878336664,0.0003787952863422908
0.00024821352464770045,0.0002640230628289398
0.0003647847977676228,0.00023991491450061467
0.00026417563324171835,0.00022935919283239404
0.00028433001549401195,0.00028348725091323086
0.00024013200266735453,0.0002865024264693343
0.0003183551267534276,0.0002912615651116772
0.00029293871138898447,0.00029057680922327245
0.00033876131202731347,0.00033917690185382324
0.00037247916059868474,0.0003660995068323044
0.0004663063037077204,0.00046154378524950964
0.0006380823273943068,0.0006122605223907088
0.0006173315529685054,0.000644432287109699
0.0006987632029337845,0.0006830674783914499
0.00045501882294745965,0.00048297329026669863
0.0003211796082171004,0.00032386215247611757
0.00022181607227349159,0.0014403254594553396
0.00022439271845707578,0.0002444300846250212
0.00022073138964646364,0.00022694921750785526
0.00023188663601468384,0.0002594932570400482
0.00027289736564615677,0.00024368225657096603
0.00023529330885632685,0.0003049307410667754
0.0002250536486162541,0.0002341367890280521
0.0002278174585311827,0.0002465184533317644
0.00022402371094609164,0.0002661537719381131
0.0002315193127114346,0.000303085453782356
0.0002749494402976714,0.0002491258612801931
0.00023576965124588476,0.0002362880805599665
0.00023121940111597326,0.00024470700065636774
0.00026613801275984577,0.0002497332678031032
0.0002201799975082705,0.00023136057528374247
0.002063565688015575,0.00024829166539824186
0.0002721027504977863,0.0002512006411190458
0.00032337166689992426,0.0003199352483982066
0.0005286125571154265,0.0005014916479759427
0.0007795295518674403,0.0007424284861468278
0.0008952918630072637,0.0011690593072239913
0.0009969535864725095,0.0009835353096839387
0.0005880087341852232,0.0005818492025247448
0.0003235744616834514,0.0003304216526119201
0.00020764292426740156,0.00023781737243303607
0.00032382878624228034,0.00029888583658020825
0.0003028605058479009,0.00033670722782307426
0.00033659954665690863,0.0005342830576185173
0.0003266958448486522,0.0003313980632899626
0.000272649441633601,0.00030417102505369393
0.00022870872723331235,0.00024340113451754754
0.00020308400460135215,0.00022785608892008502
0.0002451985521779283,0.00020629211458052227
0.00021749852112039106,0.00022445173281557276
0.00023401758361836245,0.0002617426281357208
0.0002567172397959186,0.0002658212482520648
0.0007192378416664312,0.00037580514627675763
0.000324130829819499,0.0003222816071242033
0.000360158513945982,0.0003370171299416537
0.00045413294998378006,0.00036134360428325107
0.0003547432379105824,0.00039243540492473096
0.0003841449776365025,0.0003806622323445878
0.00034243032596022334,0.0003748364567152925
0.00034804903476944255,0.0003479423605975555
0.00029568245942375394,0.0003125731291207979
0.00025901689667134475,0.0002624490349717656
0.00043208784148353335,0.0002297895218955729
0.0002051024676959859,0.000328368981440862
0.00019578282320962336,0.00021679457289470888
0.0002998177920539244,0.0002040830833209214
0.00026445629943561334,0.00022081209282741107
0.00024731689617786285,0.00023526155989738007
0.00025260973993363514,0.00027611092343813687
0.0002724901126105144,0.00027150091350297713
0.00030387981814720077,0.00031066137747242945
0.0003529615777791949,0.0004065590580245011
0.00027086655452023315,0.0002902054604457979
0.0002427710070848184,0.00024759088899250283
0.00023193869355968405,0.00025892359402647784
0.00021611876602676102,0.0002301114869098269
0.00026015854703372173,0.0002297159852347335
0.0002761826980214186,0.00032955348196816336
0.0002687345287566753,0.0003020315545843882
0.0002843097610127203,0.00028614829819388247
0.00027694277732862033,0.00037862618333306814
0.00033168948350990673,0.00029302564316814513
0.0003006744402691964,0.00032435929716876044
0.00032191636778512245,0.00032080317293726025
0.0002863046127129184,0.0002883373960863933
0.00024200729088704747,0.000252982354572778
0.0002287468057549343,0.0002550881450280898
0.00021070880401288466,0.00021713177123772374
0.0002045796546922521,0.00020431097312800656
0.00018514796875724294,0.00020330476377533003
0.00018836052801641574,0.00020031378535244348
0.00020229940847156752,0.00022436495610823196
0.0002207595038483903,0.0002213923004710863
0.0002789708852231144,0.0002591825969803327
0.0003449703139913934,0.0003405036706714198
0.00039651516183838526,0.00044493539535498224
0.0005256614457403613,0.0005150456592134644
0.0005120013203813142,0.0005407197452018075
0.0006111445949231378,0.0005833394990311288
0.00039957998780587687,0.00042576097941180016
0.00033213276707877524,0.00031137997258608456
0.00023283543519560075,0.00025216940259501695
0.000190437136900662,0.00020866395036663773
0.0002394166926966636,0.0003706720659451813
0.00018472644949234332,0.00020313332059642124
0.00018169451531089114,0.00019782451864787197
0.00018036514760161955,0.00019897885329472117
0.00017607203001076727,0.00021374446257182975
0.00017653391665271913,0.0002175770509792095
0.00017705732941333444,0.00018907648553936085
0.00018101153212635708,0.00019080754975397195
0.000177363718143609,0.00019293112498971216
0.0001849962916562775,0.0001922920534075713
0.00017725311322627213,0.00017549965249477424
0.00017430744692357563,0.00021594031066291656
0.00017800088114834707,0.00018554653339079253
0.00023730312038887366,0.0002904531285921859
0.00018113052533735356,0.0001835259884516342
0.0001842752550998067,0.0002079405411116485
0.00020383585058941504,0.00019887508572554222
0.00019158342606107715,0.00021176567794744681
0.00023384263173164104,0.00020510755262739878
0.00017995454838621336,0.00020782080944568593
0.00017866346300788604,0.0001926222982502201
0.00017697481603426692,0.00020086834473471326
0.00017445002777989835,0.00018899221407134092
0.00017790748192199362,0.00019703860716490878
0.00024714587839290273,0.00019655851071370567
0.00021116389203995988,0.00023795009228014122
0.00026081020610674267,0.0002548197469825915
0.0003305451231493052,0.00036234849847708775
0.0005141877012022151,0.0005339941163009248
0.0012120260888702245,0.0006987468432550128
0.0007070291919199931,0.0006848715687019876
0.0006006551175812238,0.0006256972884410605
0.0006442382146334764,0.0006255807227260097
0.00042181118805109696,0.0004616129695840169
0.00029640363444366014,0.0003031294971777829
0.00021930179752202447,0.00023587065329288496
0.000188733749162248,0.00020476307597464653
0.00018064486853986103,0.0002084918345337016
0.00023964897377456494,0.00021561678829466158
0.00023218096228116398,0.00023412233185827122
0.00025035038848470126,0.0002863872673381046
0.0002748958380154225,0.00031855648749465733
0.0002963140602196569,0.0002964044241345993
0.0005976713231922019,0.00032860555527925383
0.00032908974022066316,0.0003654761634402628
0.00034842391328361935,0.000340794580680629
0.0003163112529507195,0.0006234038956756592
0.00030731652057155605,0.0003016965756909035
0.0002608198824380873,0.0003235856068622318
0.0002394111373287368,0.000244696577696462
0.00022011092221734283,0.00024255932936162607
0.00023266972357632144,0.00025991781523225656
0.00024744949145165043,0.0002621856364857469
0.00020360322713398866,0.00021004390447862035
0.0002580145503171816,0.00023245289830950232
0.00019075072503318594,0.00021322129963230558
0.0022983799395448353,0.0023414912850864156
0.002956077049000168,0.0025657052917474198
0.00019904576346835455,0.00022027737899233578
0.0012267169252340386,0.001256937667501694
0.00042895593378203825,0.000442569337112619
0.0006876421885583141,0.0006920295062749573
0.00046546775917881737,0.0004750742440948801
0.00030727627894466537,0.000294697276910929
0.00031474309121444656,0.0003485463899032042
0.00022765605401675327,0.00034787336564164127
0.0002589501578844825,0.00026482559490045805
0.0002196336748746714,0.00023401995253774207
0.0002541327397350948,0.00026486578641532666
0.00018634763843091768,0.0002077597827023101
0.0001839589571677372,0.00021024969418884562
0.0001794870695504836,0.00021129653077498929
0.00018505754788807866,0.00021199283145319914
0.00020789966447055738,0.0001978884580974401
0.0001748747266669991,0.0001955682829743018
0.00018722965352250428,0.00019701260191716134
0.00016734660894850595,0.00019194209378065548
0.0001712056233786035,0.00018316753789995898
0.00016714357923635904,0.00019424425059051472
0.00016278982718045777,0.00018914630088468626
0.00016485527213945989,0.00018305007812401884
0.0001628706336729606,0.0001840294737844234
0.00016519841874902336,0.00030861341848289727
0.00016570641597499534,0.0003217953443673873
0.00016973042477710945,0.00018233840159075307
0.00016211463927387324,0.0001834344630499968
0.00016149740256369668,0.00017949723575553037
0.00015892705289354057,0.00018369098931990567
0.00016093654643699638,0.00023475091899050532
0.00016145247684465656,0.0001740034510057894
0.00015891976817920066,0.00017973400185887107
0.00015988851746850079,0.00017760679308755564
0.00015686872583881955,0.00017875493460217431
0.00015924595909691677,0.00017864344017789734
0.0001823588750635561,0.00017617750110843252
0.00015807142530892564,0.000169826385741676
0.00018741692112001537,0.0001770628496666699
0.00016292870873542317,0.00017267141105166455
0.00016708616468474074,0.00018602987786265848
0.00016222304443407558,0.00017610191964726645
0.00015845975263172193,0.00017601360511143276
0.00015389612737903228,0.00017036979812727263
0.0002067735613780463,0.0001721231850010152
0.00017775281066671574,0.0001787189642628517
0.0001618359739866922,0.00018508635356396684
0.00017644899640335474,0.00017210497952581397
0.00016365190378411825,0.00018714885176039422
0.00016069708049278112,0.0001715231572668888
0.00015728774981449976,0.00017530556413463013
0.00016948961471216397,0.00016946561976030044
0.00015035231284913318,0.00017423995404224491
0.00017600000403072573,0.00016916011952247022
0.00015605462731516575,0.00016581538979625968
0.004161880703899243,0.00020700426688147
0.00023350941547336886,0.0002279203919883634
0.00026361899216607995,0.00029695984474654345
0.00039732773984845073,0.0004145331330279246
0.0005052344085252905,0.0006651472872162621
0.0009054775836045403,0.0008544039293192538
0.0008466319349700195,0.000862924705772705
0.0007846296989214263,0.0007807093371341182
0.00026959046782354954,0.00027769591316669607
0.00020533044009209782,0.00022136877785014104
0.0003151961145638323,0.00032750562760116463
0.0003034871204541746,0.0003487263205412606
0.00020454118322971269,0.00022051173126397443
0.00016437720133608363,0.00019215621940788942
0.00016951687866599005,0.00020711090700933796
0.00018389370899658537,0.00019458117510410302
0.00017861589027118595,0.00020776789303712697
0.00016894903038257428,0.0001783276119522757
0.00015482068839086705,0.0001737457038490729
0.00015229511784073477,0.0006311737966616476
0.00030458235147885824,0.00016434049836887236
0.00015135059770260222,0.00017027871935792362
0.0001509080099327325,0.0001676607471250637
0.00031413512604353027,0.0001646299030027781
0.00014821936946719056,0.00017470374457444063
0.00017854224148748817,0.00016154467099937898
0.00014701631434480036,0.0001609653106743895
0.00015414609238392324,0.0001620709951345853
0.00014768221919175513,0.00016008339871380944
0.0001507653246101341,0.00016268903797178594
0.00015138809449280892,0.00016209079928963067
0.000150401067500408,0.0001600653917755898
0.00016998147759236356,0.000172575926066362
0.00017265982286929205,0.0001766410386075929
0.0002193525113126611,0.0002161471615996457
0.00029963001637743283,0.00029072313886124336
0.0005603817120102381,0.00045089861196272223
0.0009134301953150448,0.0008792584218345427
0.0009743584195545633,0.0009882501249823862
0.001173394413060058,0.0011475928606971384
0.00046612604775100923,0.0004415451660456424
0.004084029661358375,0.0002046420570958937
0.00036312177925377305,0.0004647301117855078
0.0002946616175973334,0.00033863099544535557
0.00023765351961852385,0.00024023250885722385
0.0001690882709976652,0.00019532530979486038
0.0001761625456584928,0.00020560841600059397
0.00018092854672060907,0.00019073418498075166
0.0001744064748050977,0.0002085654021871526
0.00016181599359252387,0.00017589812773824936
0.0003323830145182929,0.00016214111836066188
0.00015443355208088954,0.00016107402045313705
0.0001571697530456653,0.0001849270980791813
0.0001556603537128726,0.0001781267149489125
0.000153729893320998,0.00016523318683094783
0.0001453831194682815,0.00018971562748352946
0.0001639241288739187,0.00015089697959173406
0.00014161173205363297,0.00015367316536221492
0.000147929483398824,0.00016086428100243634
0.00014689424706027023,0.00019835504768498922
0.0001526822754301701,0.0001647652962234015
0.00015046861489738874,0.00015710698569020013
0.00018184073425352968,0.00017807914422394264
0.00015151805570338297,0.00016074501962890097
0.0001523257007762878,0.00016911664171779904
0.00015396818374081346,0.00015742403816445174
0.0001551536378320434,0.0001756110362215474
0.00015993619154348372,0.00016772066960672594
0.00016439960072539138,0.00018665196815012528
0.0001738878508736037,0.0001812625972037934
0.0001806926264512612,0.0007513390212824934
0.00020031041816992968,0.0002094058645320551
0.0002743634649852808,0.00025738286293826567
0.0002728411351209782,0.00025397815875100423
0.0002827795030924811,0.0003274824265329503
0.00035897306964040565,0.00034120229398188043
0.0003644614223653233,0.0003964635670370534
0.0004324381060977599,0.00041828243837871047
0.00037165638924929273,0.0004094609631935444
0.0003518687957806901,0.00033566195587784233
0.000237200430252977,0.0002669444718207033
0.00018843014698123088,0.00018362614811768304
0.00014879795797066337,0.0002044043604718234
0.00014061303778108503,0.000151009847359997
0.00013961833621939138,0.00015305909174066244
0.00015072842690952074,0.00016383707878901672
0.00015630574494028782,0.00015594693253559458
0.02197879669661737,0.0008044493815320692
0.00016955352184792695,0.000189838193652353
0.00015533238764554898,0.00015642332545600022
0.00017536435284217855,0.00018702044231919772
0.00019182508993034582,0.0001918294188287304
0.00023474106128917535,0.0002689159832768928
0.00030534151635676094,0.0002925836672270928
0.0003707809157352084,0.00040203959085413643
0.0005334892736776034,0.00050569285658701
0.0004896982313560226,0.0005145399904417994
0.000505447996368572,0.0004957723483149937
0.00032324945303319967,0.0003535487679939799
0.00021758585713919966,0.0002173858980525775
0.0001578121023536698,0.00017340177292903076
0.0001598291640585484,0.0001596648079698411
0.00015758117144981217,0.00016555889638052165
0.000168464610703338,0.00028596145337766494
0.00017346113648317388,0.00021981250235711712
0.0001664027144239361,0.00019095198091249592
0.0001622574794787963,0.000173908126794868
0.00016142728933207613,0.0001772931567197535
0.00015870918480205776,0.00015956673773708218
0.00016876871482604555,0.0001876665480804001
0.00018159091838232462,0.0001841454285139892
0.00019378350318364725,0.0002161663320819174
0.00022364288305221528,0.00021886812389696795
0.00031572999510871375,0.0002747310065293643
0.00025803240580755634,0.00025777054613153913
0.0002485030223550158,0.0002796714620438249
0.0002493174177093649,0.0002443658939127569
0.00022631353823913676,0.00025777357651572924
0.0002151391407916422,0.00021730314593388107
0.00020107627388236003,0.00020685747727778429
0.00020809793233585484,0.00021052256295568366
0.00020953301110045104,0.00021791672961190043
0.00022075693502214766,0.00022244728832067874
0.00021591715365609947,0.00024582847871038293
0.00022283199206968345,0.00020937343651015935
0.00020565818848986106,0.0002263586164154574
0.00021698041747173136,0.00019223196969293127
0.00019041903193402446,0.000223599696042679
0.00018325794633359448,0.00017556737361096664
0.0002081012589589059,0.0002309898510401308
0.00018342112935106574,0.00018200254635659073
0.00018830024252571668,0.00020714915360674102
0.000214073711861007,0.00019619427238218065
0.00022359875344462606,0.00022943831754565765
0.00024098244719899901,0.00024207534564115168
0.00024022903706541127,0.0002703000577484729
0.00025039188721201125,0.00024530664255061996
0.0002261689678608903,0.0002548342050943182
0.0002196820674233794,0.000219231565310432
0.0001919587364750016,0.00021940606285127568
0.00017817248353402303,0.00017665826114381485
0.00018566393940407918,0.00020641677864962406
0.00019365444397488892,0.00019540096680483257
0.00019820122820010373,0.0002238958192721319
0.0002132700025063927,0.00020124034687006015
0.0002181171565768383,0.00024610715383691724
0.0002292011937191599,0.00028395173492575773
0.00021465737752416583,0.000289615412356798
0.00021633374899297385,0.000216115655137833
0.0002126948228115236,0.00023021868272897643
0.00021233527737437265,0.0002126258789492642
0.000214067674379451,0.0002254563969047379
0.00022347391311948431,0.000223388557052718
0.00022252621522922674,0.0002488324739939519
0.0002324943630609136,0.0002269141500188667
0.00024273107290060902,0.00028541631791831264
0.00026007947899172283,0.00024386545870094621
0.00024288590188480447,0.0002722953115969267
0.00024683291617968534,0.00024526546589094826
0.0002161706712479281,0.00025767025852665136
0.00018903919231326395,0.0002474019549930097
0.00016131685639694676,0.0001833927223796613
0.00014513334599210474,0.00015137062449867945
0.00013512922383435483,0.0008207194037418467
0.0001307088759626447,0.00016612918324617184
0.00012087359390838022,0.00013809036603523617
0.00012097263935126873,0.00012927846316141295
0.0001165133300971941,0.00013451844749156632
0.00013748130810051315,0.00011464624754259628
0.00012607750442583839,0.00013682169514581412
0.00012633934796419538,0.00012899121692094013
0.0001363853270267583,0.00015588199560300026
0.00014568978549111533,0.00014301777283119225
0.0001649035674636677,0.00018496043492465103
0.0002031794193108873,0.0001968591266354077
0.00026433295217554657,0.0003062916757527985
0.0004063093878006701,0.0003875095429114132
0.0004434334249854096,0.00046543825543738255
0.0005770809623829226,0.0005546199446510802
0.00043231591614098,0.0004544479429847174
0.00035863377207235523,0.0003620776102135083
0.00021005697195366336,0.00023139266830647648
0.00014055097553191675,0.00015438954063701124
0.00011859755255888194,0.00013405410169103183
0.0003592842878536473,0.00014161827111460414
0.00011771132764775059,0.00012636709453058896
0.00011545335275622335,0.00012509655931656658
0.00011610313460165405,0.00013340474569343915
0.00012115671759211393,0.00012380820078700794
0.000131361801761766,0.0001545295994306856
0.00014332325162103452,0.0001388051444039134
0.0001540311008324515,0.0001779587153050598
0.00017586942949981678,0.0001661841720760189
0.00018336010048340212,0.00020953501601603605
0.00020977617437329115,0.00019907457576541515
0.00021971650529234544,0.0002476743214111262
0.00025879702184681007,0.00024304873745840415
0.00023355003134333896,0.0002572384438694639
0.00023490879472733953,0.00023220870823273062
0.0002117722159382729,0.00023281430136758618
0.00021117625081696018,0.00020529576411131134
0.00018150635796943825,0.00020460685345671865
0.00016380008174763175,0.0001616076321895896
0.00014402070188283058,0.00016431417078211408
0.00013626056093302692,0.00013644967917435062
0.00014022853434907947,0.00015306621379882322
0.00012241650753839887,0.0001252150397552082
0.00011725830495506295,0.000135461564745951
0.00012899483996044867,0.00012395524768878816
0.0001308003169111066,0.00014194303930538805
0.0001269315366517553,0.0001264833120578645
0.00013167902604269027,0.00015118096829806402
0.00014532502014724303,0.00014918483353991275
0.0001564406925288745,0.00017691868437219965
0.00018416819859018012,0.00018137929950649164
0.00020936925192460885,0.00024315311467647762
0.00026593837981353876,0.00025815171826478844
0.00027541715079470867,0.0003061944314255601
0.0003272835005627982,0.0003156998341936533
0.00029301246267633214,0.0003221328061063192
0.0002972952515408209,0.0002954015919791839
0.00023405308553481368,0.00025784392959421113
0.0002032072280407085,0.00020268331504670804
0.00015453301232239256,0.00017306230384204612
0.00013055544442661918,0.00013783365896149973
0.00011479171267344553,0.00012782353428979676
0.00012776395261577826,0.00011096409612172952
0.0001024205113045914,0.00012366669747395192
0.0001034446033788925,0.00010108633420115627
0.00010190495330755448,0.00011220677003260717
0.00010238879415449466,0.00011210701221027195
9.939302919164966e-5,0.00010959649948977064
0.00011231527865032651,0.00010679611361318319
9.972867100758758e-5,0.00011029323441053702
9.787244874223525e-5,0.00010625792383951026
0.00010413446663011728,0.00010584860797639891
0.00010958783410569541,0.00010462735324891207
0.00011166787009841205,0.00013108930945849096
0.0020811993929067945,0.00010360285410847478
0.00010437374099598697,0.00012107926624246334
0.00012647240247331062,0.00011501713250164033
0.00010322911844156925,0.00011486208950449323
0.00010509535326146707,0.0001062263391310205
0.00011069906476061806,0.00012014604833420176
0.00011410060168580843,0.00011602670676294464
0.00013174014428815096,0.00014367064496301942
0.000162105089988614,0.00015924532097033275
0.00021579345351751942,0.0002555103625784298
0.0003394036993186885,0.0003228112454740808
0.00043108957155938273,0.0004632301046001128
0.0006888645076365089,0.0006706080118720748
0.0007017143193931058,0.0007258726177711699
0.0008169177656053831,0.0008235491123881551
0.0005151210229103865,0.0005308333940417939
0.0002928826352936061,0.0003140047861958269
0.00013412552420554924,0.00016504790490841644
0.00012170063563308645,0.00014418344018836112
0.00015231167438988953,0.0001856850304491533
0.00015945484354995158,0.00019258466467941297
0.00015401977551093838,0.00015494158561870538
0.00013586186603651142,0.00014938545256848858
0.00011707350218982761,0.00012337881079257286
0.00010443225100897636,0.00012201067124622247
0.0009583330875763728,0.00010928013118564325
0.00012621088334002734,0.0001417974503553405
0.00012835487139683342,0.0001246590364143625
0.00013330133470758218,0.00015355481596977547
0.00013828691246750384,0.00013606675464353986
0.00014714061375296528,0.00016304067397905354
0.00015860614884552184,0.00015180740573513722
0.0001589852458080712,0.000164370834596829
0.00014873348702160868,0.00015001670290351756
0.00013758188930264371,0.0001639931127966319
0.00013358092518443685,0.00013564160209139357
0.0036922912715982264,0.0001461339788830281
0.00010232744520152153,0.000757936286016916
0.00012268749897187967,0.00012084063462567199
0.00016863632480382989,0.00018675456247922156
0.00022252190179465516,0.00021113994146271375
0.00023690914210466898,0.0002603500552417186
0.0002728298094070308,0.00026569797447845085
0.000244920575421065,0.00027158744711713645
0.00023310291669474638,0.00023351367370821823
0.0024592143609900217,0.00020335786857369383
0.00013542680056489187,0.00012252815328895852
0.00011708032060217673,0.0001276623402187445
0.00015276071308082097,0.0001811892164825049
0.0001653439727738958,0.00016897135118196376
0.00016449544711078082,0.000189298097373126
0.0001542743507941998,0.00015152886293852535
0.00013486892022211483,0.0001570471672277165
0.00011847956920733776,0.0001170868949689505
0.00010251034864719742,0.0001224844415307431
9.718378332496112e-5,0.00010276661085198613
9.934586769363468e-5,9.908606167332722e-5
0.00010175745131564456,0.00011171367517409714
0.00014930475625282935,0.00010028174346060033
9.715206508274229e-5,0.00010225324195564206
9.243705076750788e-5,9.672669930341472e-5
9.409547804081345e-5,9.681999523982384e-5
9.405718733202215e-5,0.00010012996489956443
9.333493133145888e-5,0.00012671473452646045
0.00011233789284984777,9.705812775012252e-5
0.00010738846378446467,0.00010284181703829573
0.00012739532973288096,0.00014336662379865715
0.00016362149624924726,0.0001551041085740779
0.00019938639805938994,0.00021820319775464104
0.00027756378189841823,0.0002727183135965047
0.0003055152976769574,0.00033767725404940287
0.0004032021625191622,0.0004000518877179528
0.0003923502690496642,0.0004239669138281085
0.00042476015141420875,0.00043291652306162015
0.00033380054039318586,0.00035149086569154724
0.0002528880816580885,0.0003332831123392475
0.00018092532931249784,0.00018118803903798258
0.00010063512719372472,0.00011602394521190547
9.849662802837506e-5,0.00010833874574855697
9.010992040467302e-5,0.0001187459341374614
0.0001021202091630463,0.00011137030520390018
9.642628221169999e-5,0.00011854757162159373
9.809321312010064e-5,0.00010481022604296705
9.740186207013301e-5,0.0001117131211335786
9.540371745207844e-5,0.00010166597185397701
9.201453341029817e-5,0.00010476043327762777
9.28458757494391e-5,9.85833418055275e-5
9.10155252519392e-5,0.00010224716937205987
9.244545623585412e-5,9.611998347576677e-5
9.121485171577905e-5,0.00011244679060844957
9.54709189538026e-5,9.451222032522247e-5
9.958794279792744e-5,0.00011069664732187386
0.00010660508567109365,9.789077443336822e-5
0.00011556925644830747,0.00013499568465691117
0.000143304906464951,0.000140016193070035
0.00015631154489923312,0.0001766231216369466
0.0001973585436038281,0.00020051611811989782
0.00022398643274328415,0.0002463163592097924
0.0002767485419035197,0.00027318117463341537
0.0002792725715278873,0.00030452641905173684
0.00031909891204263675,0.0003173984983889369
0.00027387028325634216,0.000297697092637431
0.00026553912521396714,0.000283153196851164
0.00020639167574318542,0.0004630393528017109
0.00017652351199046672,0.0001877914370087296
0.00013823059426037106,0.00015748909357164598
0.00011041246424887903,0.00011597528029508091
9.267383694855436e-5,0.00010968186433617133
9.762271007470712e-5,9.352168750029233e-5
8.634269471409216e-5,9.602381542637422e-5
8.800945888606557e-5,9.090344099582209e-5
8.747213045135259e-5,8.906029988974832e-5
9.041405848256537e-5,0.0001002364005392668
9.081654575744432e-5,9.530605324717953e-5
9.443722571137619e-5,0.00010500452952113591
0.00010026004488637777,9.89314501411523e-5
9.546435320095945e-5,0.00013905929662271367
0.00010052798381179502,0.00010099116276727918
0.00010027123814272448,0.00011662783902543953
0.00010957266985933812,0.00011374086242889758
0.0001142878632187564,0.0001251274071022616
0.00012072037012940699,0.00012059979879713182
0.00012477319977874293,0.0001430813716627184
0.00031675752174404297,0.00027375320174288244
0.00013858795099871204,0.00015689340507494783
0.0001634846717233358,0.00015904546631492636
0.00017042649106909858,0.00018953742318474713
0.00021383229779983948,0.0002118562226135001
0.0002519248126546121,0.00026116201069937124
0.00033901309185797526,0.0003437929197725428
0.0003560752588874048,0.00038070494866102863
0.0029039486754874146,0.00043488646953030103
0.0009564355838477245,0.0009542281967739149
0.0015159065643891277,0.0015162587313417338
0.0008452001761352573,0.0008359430021082075
0.00024670161873713834,0.0002648958613351982
0.00016540857089001107,0.0001785904564080019
0.000289899010410148,0.00031820603197395546
0.0003064286528996562,0.0003095112265203587
0.00016327511424685218,0.0001898036446493845
0.00010560386738235915,0.0001204328532047681
0.00010652872891154955,0.00011915290158621278
0.00012782277324456355,0.00015525250089830565
0.0001390916850102848,0.00012198496088588349
9.007381869154747e-5,0.00010573467226048858
8.973125121203602e-5,0.00010045601432464836
9.314946186924859e-5,0.00010429743149453081
9.379519295481358e-5,0.00011158304426238169
8.835043953914006e-5,9.491867035205333e-5
0.00014884203649087857,9.702608215200937e-5
8.659554125943877e-5,9.957581759052426e-5
8.65107272883812e-5,9.672548489953936e-5
8.508995201417891e-5,8.931318576784124e-5
8.415543000882885e-5,0.014318211839830472
8.265534299056748e-5,8.954731720816325e-5
8.295769371817767e-5,9.142597469100437e-5
8.265267041339883e-5,8.888210728260852e-5
8.440017180219596e-5,8.983678020235648e-5
0.0001440909380517712,9.042025368876756e-5
8.703491677877118e-5,9.204897889303107e-5
8.517043322779951e-5,9.291076832136457e-5
8.500277183698812e-5,9.254582757340507e-5
8.27423699311529e-5,9.238181973919132e-5
8.013316111795235e-5,8.858942156238284e-5
7.987920605684093e-5,8.850810100974981e-5
8.083494969622877e-5,9.011464340388037e-5
8.086394332411658e-5,8.64046649596865e-5
7.994102589794575e-5,8.604883744743174e-5
7.932095682299405e-5,8.717190191043317e-5
7.829576634064412e-5,8.692134542802747e-5
7.714162553128921e-5,8.768031189078284e-5
8.095953249434207e-5,8.515425644078501e-5
0.000155285642212592,8.943730994692768e-5
8.574609621664139e-5,8.911944746471904e-5
0.00012385642512931455,9.870249337233582e-5
9.890105834913735e-5,0.0001047602969406679
0.00010516437566556091,0.00011244923868442988
9.983679963608093e-5,0.000103336376284171
0.00010237725170683455,0.0001115426795860542
0.00010093418009295707,0.00011129483819448
9.633835844922835e-5,0.00011312780724538777
9.397795689853698e-5,0.00010312371110700733
9.327956448559566e-5,0.00010872038092380841
9.051144170984409e-5,0.0001039651607543743
8.758343949426942e-5,0.00010405465239849604
9.161959365537401e-5,9.696541369124519e-5
9.28826587023088e-5,0.00010931145315802769
9.664409045523554e-5,0.00010267347904781563
9.695194637751166e-5,0.00011123852312708582
9.958484849029623e-5,0.00010889633377304011
0.00010478408412756108,0.00011931242500696487
0.00011066777415769309,0.00011720662979105882
0.00011636344241181954,0.0010381652496878953
0.00013610801960366281,0.00014075129235574272
0.00014569688896592933,0.0001701492305280103
0.00017247422971717713,0.0001810535755978134
0.00018967087242635885,0.0002118421427930827
0.00021659596901293235,0.0002317273710448351
0.00021792154887687927,0.00023909242102895673
0.0002318243505741059,0.00024393551217225917
0.00021001441382381903,0.00023218469435952663
0.00019600416839572545,0.00020597471825512624
0.0001635305255371819,0.00018794283746352046
0.0001429156308067174,0.00015809984384715936
0.000122326576073702,0.00013833721127039223
